project_id,mp_id,month_number,reporting_period,sanctioned_amount_lakh,cumulative_amount_spent_lakh,monthly_expenditure_lakh,financial_progress_pct,physical_progress_pct,expected_progress_pct,current_estimated_cost_lakh,cost_deviation_pct,delay_days_estimate,financial_physical_gap_pct
P001,MP019,1,Month 1,91.3,12,12,13.15,12.73,12.12,105.03,15.04,7,0.42
P001,MP019,2,Month 2,91.3,35.94,23.94,39.37,38.11,24.23,132.4,45.02,13,1.26
P001,MP019,3,Month 3,91.3,43.59,7.65,47.75,46.22,36.35,141.15,54.6,20,1.53
P001,MP019,4,Month 4,91.3,49.27,5.68,53.96,52.24,48.47,147.64,61.71,27,1.73
P001,MP019,5,Month 5,91.3,53.27,4,58.34,56.48,60.58,152.22,66.72,33,1.87
P001,MP019,6,Month 6,91.3,57.25,3.98,62.7,60.7,72.7,156.77,71.7,40,2
P002,MP015,1,Month 1,15.3,2.68,2.68,17.51,6.81,14.82,17.78,16.23,28,10.7
P002,MP015,2,Month 2,15.3,4.36,1.68,28.48,11.07,29.63,19.34,26.4,56,17.41
P002,MP015,3,Month 3,15.3,5.43,1.07,35.51,13.8,44.45,20.34,32.91,84,21.7
P002,MP015,4,Month 4,15.3,6.25,0.82,40.87,15.89,59.27,21.1,37.88,113,24.98
P002,MP015,5,Month 5,15.3,7.4,1.15,48.39,18.81,74.08,22.16,44.85,141,29.58
P002,MP015,6,Month 6,15.3,10.39,2.99,67.9,26.4,88.9,24.93,62.9,169,41.5
P003,MP001,1,Month 1,89.3,6.27,6.27,7.03,6.68,16.67,89.85,0.62,0,0.35
P003,MP001,2,Month 2,89.3,36.66,30.39,41.05,39.01,33.33,92.53,3.62,0,2.04
P003,MP001,3,Month 3,89.3,72.85,36.19,81.58,77.51,50,95.73,7.2,0,4.06
P003,MP001,4,Month 4,89.3,80.03,7.18,89.62,85.16,66.67,96.36,7.91,0,4.46
P003,MP001,5,Month 5,89.3,86.98,6.95,97.4,92.55,83.33,96.97,8.59,0,4.85
P003,MP001,6,Month 6,89.3,93.98,7,105.2,100,100,97.59,9.3,0,5.2
P004,MP002,1,Month 1,73.1,4.45,4.45,6.09,5.74,12.12,73.11,0.01,22,0.35
P004,MP002,2,Month 2,73.1,7.75,3.3,10.6,9.98,24.23,73.12,0.03,45,0.61
P004,MP002,3,Month 3,73.1,14.18,6.43,19.4,18.28,36.35,73.13,0.05,68,1.12
P004,MP002,4,Month 4,73.1,19.69,5.51,26.94,25.38,48.47,73.15,0.07,90,1.56
P004,MP002,5,Month 5,73.1,23.76,4.07,32.5,30.62,60.58,73.16,0.08,112,1.88
P004,MP002,6,Month 6,73.1,24.75,0.99,33.9,31.9,72.7,73.16,0.1,135,2
P005,MP012,1,Month 1,51.3,5.77,5.77,11.25,4.16,12.12,57.57,12.22,30,7.09
P005,MP012,2,Month 2,51.3,8.71,2.94,16.98,6.27,24.23,60.76,18.44,61,10.7
P005,MP012,3,Month 3,51.3,12.39,3.68,24.16,8.93,36.35,64.76,26.25,91,15.23
P005,MP012,4,Month 4,51.3,16.49,4.1,32.14,11.88,48.47,69.21,34.91,121,20.26
P005,MP012,5,Month 5,51.3,19.94,3.45,38.88,14.37,60.58,72.96,42.23,152,24.51
P005,MP012,6,Month 6,51.3,24.57,4.63,47.9,17.7,72.7,77.99,52,182,30.2
P006,MP014,1,Month 1,77,13.13,13.13,17.05,17.24,10.25,77,0,0,-0.19
P006,MP014,2,Month 2,77,20.02,6.89,26,26.28,20.5,77,0,0,-0.29
P006,MP014,3,Month 3,77,26.12,6.1,33.93,34.3,30.75,77,0,0,-0.37
P006,MP014,4,Month 4,77,27.69,1.57,35.96,36.35,41,77,0,0,-0.4
P006,MP014,5,Month 5,77,43.79,16.1,56.87,57.5,51.25,77,0,0,-0.63
P006,MP014,6,Month 6,77,46.84,3.05,60.8,61.5,61.5,77,0,0,-0.7
P007,MP004,1,Month 1,68.3,2.49,2.49,3.65,3.43,16.67,70.25,2.85,5,0.22
P007,MP004,2,Month 2,68.3,8.96,6.47,13.11,12.32,33.33,75.29,10.24,9,0.79
P007,MP004,3,Month 3,68.3,14.71,5.75,21.53,20.23,50,79.78,16.81,14,1.31
P007,MP004,4,Month 4,68.3,38.14,23.43,55.85,52.46,66.67,98.08,43.6,19,3.39
P007,MP004,5,Month 5,68.3,44.57,6.43,65.25,61.3,83.33,103.09,50.94,23,3.96
P007,MP004,6,Month 6,68.3,63.11,18.54,92.4,86.8,100,117.57,72.1,28,5.6
P008,MP004,1,Month 1,85.6,4.31,4.31,5.04,5.17,12.12,86.31,0.83,24,-0.13
P008,MP004,2,Month 2,85.6,7.55,3.24,8.82,9.05,24.23,86.84,1.45,49,-0.23
P008,MP004,3,Month 3,85.6,11.1,3.55,12.97,13.31,36.35,87.42,2.13,73,-0.34
P008,MP004,4,Month 4,85.6,17.13,6.03,20.01,20.53,48.47,88.41,3.29,97,-0.52
P008,MP004,5,Month 5,85.6,19.84,2.71,23.18,23.79,60.58,88.86,3.81,122,-0.6
P008,MP004,6,Month 6,85.6,23.86,4.02,27.9,28.6,72.7,89.52,4.6,146,-0.7
P009,MP015,1,Month 1,59.1,14.17,14.17,23.98,22.56,16.67,66.73,12.91,1,1.42
P009,MP015,2,Month 2,59.1,20.64,6.47,34.92,32.86,33.33,70.21,18.8,1,2.06
P009,MP015,3,Month 3,59.1,27.09,6.45,45.83,43.12,50,73.69,24.68,2,2.71
P009,MP015,4,Month 4,59.1,38.37,11.28,64.92,61.09,66.67,79.76,34.96,3,3.83
P009,MP015,5,Month 5,59.1,55.03,16.66,93.11,87.61,83.33,88.73,50.14,3,5.5
P009,MP015,6,Month 6,59.1,61.24,6.21,103.6,97.5,100,92.08,55.8,4,6.1
P010,MP008,1,Month 1,26.7,4.68,4.68,17.52,17.63,14.82,27.43,2.74,2,-0.11
P010,MP008,2,Month 2,26.7,9.08,4.4,34.02,34.23,29.63,28.12,5.33,3,-0.21
P010,MP008,3,Month 3,26.7,15.36,6.28,57.54,57.9,44.45,29.11,9.01,4,-0.36
P010,MP008,4,Month 4,26.7,18.15,2.79,67.96,68.39,59.27,29.54,10.64,6,-0.42
P010,MP008,5,Month 5,26.7,19.1,0.95,71.54,71.99,74.08,29.69,11.2,8,-0.45
P010,MP008,6,Month 6,26.7,22.74,3.64,85.2,85.7,88.9,30.26,13.3,9,-0.5
P011,MP020,1,Month 1,25.5,4.14,4.14,16.23,16,13.33,25.52,0.08,0,0.23
P011,MP020,2,Month 2,25.5,8.46,4.32,33.17,32.69,26.67,25.54,0.15,0,0.47
P011,MP020,3,Month 3,25.5,10.86,2.4,42.61,42,40,25.55,0.2,0,0.61
P011,MP020,4,Month 4,25.5,14.78,3.92,57.95,57.12,53.33,25.57,0.27,0,0.83
P011,MP020,5,Month 5,25.5,18.34,3.56,71.91,70.88,66.67,25.59,0.34,0,1.03
P011,MP020,6,Month 6,25.5,21.42,3.08,84,82.8,80,25.6,0.4,0,1.2
P012,MP016,1,Month 1,79.7,6.99,6.99,8.77,8.33,10.25,81.37,2.09,4,0.44
P012,MP016,2,Month 2,79.7,8.71,1.72,10.93,10.38,20.5,81.78,2.61,9,0.55
P012,MP016,3,Month 3,79.7,19.25,10.54,24.15,22.94,30.75,84.3,5.77,14,1.21
P012,MP016,4,Month 4,79.7,23.04,3.79,28.91,27.45,41,85.2,6.9,18,1.45
P012,MP016,5,Month 5,79.7,34.76,11.72,43.61,41.42,51.25,88,10.41,22,2.19
P012,MP016,6,Month 6,79.7,45.82,11.06,57.5,54.6,61.5,90.64,13.7,27,2.9
P013,MP015,1,Month 1,16.3,1.11,1.11,6.8,3.35,11.12,17.86,9.59,28,3.45
P013,MP015,2,Month 2,16.3,1.4,0.29,8.59,4.24,22.23,18.27,12.11,55,4.36
P013,MP015,3,Month 3,16.3,3.09,1.69,18.94,9.34,33.35,20.65,26.7,83,9.6
P013,MP015,4,Month 4,16.3,4.42,1.33,27.12,13.37,44.47,22.53,38.23,111,13.75
P013,MP015,5,Month 5,16.3,4.76,0.34,29.22,14.41,55.58,23.01,41.19,138,14.81
P013,MP015,6,Month 6,16.3,6.81,2.05,41.8,20.6,66.7,25.9,58.9,166,21.2
P014,MP004,1,Month 1,47.3,2.91,2.91,6.15,2.44,11.12,47.6,0.63,29,3.71
P014,MP004,2,Month 2,47.3,5.65,2.74,11.95,4.75,22.23,47.88,1.23,59,7.2
P014,MP004,3,Month 3,47.3,8.96,3.31,18.94,7.52,33.35,48.22,1.95,88,11.41
P014,MP004,4,Month 4,47.3,13.82,4.86,29.21,11.61,44.47,48.72,3,117,17.61
P014,MP004,5,Month 5,47.3,19,5.18,40.16,15.96,55.58,49.25,4.13,147,24.2
P014,MP004,6,Month 6,47.3,21.31,2.31,45.1,17.9,66.7,49.49,4.6,176,27.2
P015,MP019,1,Month 1,21.2,1.75,1.75,8.28,3.49,11.12,22.83,7.67,26,4.78
P015,MP019,2,Month 2,21.2,2.97,1.22,14.03,5.92,22.23,23.96,13.01,51,8.11
P015,MP019,3,Month 3,21.2,4.76,1.79,22.43,9.47,33.35,25.61,20.8,77,12.96
P015,MP019,4,Month 4,21.2,6.31,1.55,29.75,12.56,44.47,27.05,27.58,103,17.19
P015,MP019,5,Month 5,21.2,8.96,2.65,42.28,17.85,55.58,29.51,39.2,128,24.43
P015,MP019,6,Month 6,21.2,11.95,2.99,56.4,23.8,66.7,32.28,52.3,154,32.6
P016,MP018,1,Month 1,36.8,3.09,3.09,8.39,8.38,16.67,36.85,0.14,0,0.01
P016,MP018,2,Month 2,36.8,9.65,6.56,26.21,26.17,33.33,36.97,0.45,0,0.04
P016,MP018,3,Month 3,36.8,10.71,1.06,29.1,29.05,50,36.98,0.5,0,0.05
P016,MP018,4,Month 4,36.8,18.04,7.33,49.03,48.95,66.67,37.11,0.84,1,0.08
P016,MP018,5,Month 5,36.8,27.75,9.71,75.4,75.27,83.33,37.28,1.3,1,0.13
P016,MP018,6,Month 6,36.8,36.64,8.89,99.6,99.4,100,37.43,1.7,1,0.2
P017,MP016,1,Month 1,30.6,3.05,3.05,9.97,4.82,10.25,31.13,1.72,26,5.16
P017,MP016,2,Month 2,30.6,3.47,0.42,11.35,5.48,20.5,31.2,1.96,52,5.87
P017,MP016,3,Month 3,30.6,8.62,5.15,28.16,13.6,30.75,32.09,4.86,78,14.56
P017,MP016,4,Month 4,30.6,9.23,0.61,30.16,14.56,41,32.19,5.2,105,15.6
P017,MP016,5,Month 5,30.6,11.8,2.57,38.55,18.61,51.25,32.64,6.65,131,19.94
P017,MP016,6,Month 6,30.6,13.5,1.7,44.1,21.3,61.5,32.93,7.6,157,22.8
P018,MP015,1,Month 1,79.2,2.21,2.21,2.79,2.67,10.25,79.2,0,28,0.12
P018,MP015,2,Month 2,79.2,6.19,3.98,7.81,7.47,20.5,79.21,0.01,57,0.34
P018,MP015,3,Month 3,79.2,6.6,0.41,8.33,7.97,30.75,79.21,0.01,85,0.36
P018,MP015,4,Month 4,79.2,12.18,5.58,15.37,14.71,41,79.22,0.02,113,0.67
P018,MP015,5,Month 5,79.2,12.76,0.58,16.12,15.42,51.25,79.22,0.02,142,0.7
P018,MP015,6,Month 6,79.2,14.82,2.06,18.7,17.9,61.5,79.22,0,170,0.8
P019,MP017,1,Month 1,41.6,3.38,3.38,8.12,3.02,12.12,41.97,0.9,30,5.1
P019,MP017,2,Month 2,41.6,4.01,0.63,9.64,3.59,24.23,42.04,1.06,59,6.06
P019,MP017,3,Month 3,41.6,8.13,4.12,19.55,7.27,36.35,42.5,2.16,88,12.28
P019,MP017,4,Month 4,41.6,10.33,2.2,24.84,9.24,48.47,42.74,2.74,118,15.6
P019,MP017,5,Month 5,41.6,12.81,2.48,30.8,11.45,60.58,43.01,3.4,148,19.35
P019,MP017,6,Month 6,41.6,21.48,8.67,51.6,19.2,72.7,43.97,5.7,177,32.4
P020,MP012,1,Month 1,21.4,2.92,2.92,13.65,13.15,13.33,21.49,0.41,0,0.5
P020,MP012,2,Month 2,21.4,4.42,1.5,20.63,19.88,26.67,21.53,0.62,0,0.75
P020,MP012,3,Month 3,21.4,6.01,1.59,28.09,27.07,40,21.58,0.84,0,1.02
P020,MP012,4,Month 4,21.4,9.05,3.04,42.29,40.76,53.33,21.67,1.27,0,1.54
P020,MP012,5,Month 5,21.4,15.22,6.17,71.13,68.55,66.67,21.86,2.14,0,2.58
P020,MP012,6,Month 6,21.4,18.32,3.1,85.6,82.5,80,21.95,2.6,0,3.1
P021,MP009,1,Month 1,64.5,15.8,15.8,24.5,10.72,16.67,64.66,0.25,22,13.78
P021,MP009,2,Month 2,64.5,28.33,12.53,43.93,19.22,33.33,64.79,0.45,44,24.71
P021,MP009,3,Month 3,64.5,39.11,10.78,60.64,26.53,50,64.9,0.62,66,34.11
P021,MP009,4,Month 4,64.5,39.8,0.69,61.71,27,66.67,64.9,0.63,89,34.71
P021,MP009,5,Month 5,64.5,44.43,4.63,68.89,30.14,83.33,64.95,0.7,111,38.75
P021,MP009,6,Month 6,64.5,54.1,9.67,83.9,36.7,100,65.05,0.9,133,47.2
P022,MP012,1,Month 1,78.8,7.59,7.59,9.63,9.73,9.52,78.8,0,0,-0.1
P022,MP012,2,Month 2,78.8,12.52,4.93,15.89,16.06,19.03,78.8,0,0,-0.16
P022,MP012,3,Month 3,78.8,21.84,9.32,27.72,28,28.55,78.8,0,0,-0.29
P022,MP012,4,Month 4,78.8,35.55,13.71,45.12,45.58,38.07,78.8,0,0,-0.47
P022,MP012,5,Month 5,78.8,37.45,1.9,47.53,48.02,47.58,78.8,0,0,-0.49
P022,MP012,6,Month 6,78.8,45.86,8.41,58.2,58.8,57.1,78.8,0,0,-0.6
P023,MP020,1,Month 1,66.2,13.38,13.38,20.21,9.72,14.82,77.7,17.37,27,10.48
P023,MP020,2,Month 2,66.2,18.69,5.31,28.23,13.59,29.63,82.26,24.27,53,14.65
P023,MP020,3,Month 3,66.2,21.72,3.03,32.82,15.79,44.45,84.87,28.21,80,17.02
P023,MP020,4,Month 4,66.2,24.92,3.2,37.64,18.11,59.27,87.62,32.35,107,19.53
P023,MP020,5,Month 5,66.2,36.73,11.81,55.48,26.7,74.08,97.77,47.69,133,28.78
P023,MP020,6,Month 6,66.2,40.58,3.85,61.3,29.5,88.9,101.08,52.7,160,31.8
P024,MP014,1,Month 1,94.9,3.27,3.27,3.45,3.34,14.82,95.28,0.4,22,0.11
P024,MP014,2,Month 2,94.9,4.35,1.08,4.58,4.43,29.63,95.4,0.53,44,0.15
P024,MP014,3,Month 3,94.9,13.14,8.79,13.85,13.39,44.45,96.41,1.59,66,0.46
P024,MP014,4,Month 4,94.9,29.21,16.07,30.78,29.76,59.27,98.26,3.54,87,1.02
P024,MP014,5,Month 5,94.9,32.39,3.18,34.14,33.01,74.08,98.62,3.92,109,1.13
P024,MP014,6,Month 6,94.9,39.75,7.36,41.9,40.5,88.9,99.47,4.8,131,1.4
P025,MP016,1,Month 1,28.1,5.6,5.6,19.93,18.26,12.12,32.27,14.86,4,1.67
P025,MP016,2,Month 2,28.1,6.71,1.11,23.87,21.87,24.23,33.1,17.79,8,2
P025,MP016,3,Month 3,28.1,10.17,3.46,36.18,33.14,36.35,35.68,26.97,12,3.03
P025,MP016,4,Month 4,28.1,15.7,5.53,55.87,51.19,48.47,39.8,41.65,15,4.68
P025,MP016,5,Month 5,28.1,18.96,3.26,67.48,61.83,60.58,42.23,50.3,19,5.65
P025,MP016,6,Month 6,28.1,20.15,1.19,71.7,65.7,72.7,43.12,53.5,23,6
P026,MP004,1,Month 1,22.9,0.51,0.51,2.21,2.16,12.12,23.01,0.5,29,0.06
P026,MP004,2,Month 2,22.9,1.05,0.54,4.6,4.48,24.23,23.14,1.04,57,0.12
P026,MP004,3,Month 3,22.9,1.88,0.83,8.21,8,36.35,23.32,1.85,86,0.21
P026,MP004,4,Month 4,22.9,3.2,1.32,13.96,13.61,48.47,23.62,3.14,115,0.35
P026,MP004,5,Month 5,22.9,4.69,1.49,20.48,19.96,60.58,23.96,4.61,143,0.52
P026,MP004,6,Month 6,22.9,4.84,0.15,21.1,20.6,72.7,23.99,4.8,172,0.5
P027,MP005,1,Month 1,98.1,5.32,5.32,5.42,5.32,10.25,98.38,0.29,0,0.1
P027,MP005,2,Month 2,98.1,7,1.68,7.13,7.01,20.5,98.47,0.38,0,0.13
P027,MP005,3,Month 3,98.1,23.05,16.05,23.49,23.08,30.75,99.33,1.26,0,0.41
P027,MP005,4,Month 4,98.1,32.51,9.46,33.14,32.56,41,99.84,1.77,0,0.58
P027,MP005,5,Month 5,98.1,46.66,14.15,47.56,46.73,51.25,100.6,2.55,0,0.84
P027,MP005,6,Month 6,98.1,62.01,15.35,63.2,62.1,61.5,101.42,3.4,0,1.1
P028,MP009,1,Month 1,74.4,13.1,13.1,17.61,17.11,16.67,74.44,0.05,0,0.5
P028,MP009,2,Month 2,74.4,26.62,13.52,35.78,34.76,33.33,74.47,0.1,0,1.01
P028,MP009,3,Month 3,74.4,34.62,8,46.54,45.22,50,74.49,0.13,0,1.32
P028,MP009,4,Month 4,74.4,48.12,13.5,64.68,62.85,66.67,74.53,0.18,0,1.83
P028,MP009,5,Month 5,74.4,66.71,18.59,89.66,87.12,83.33,74.58,0.25,0,2.54
P028,MP009,6,Month 6,74.4,76.57,9.86,102.9,100,100,74.61,0.3,0,2.9
P029,MP017,1,Month 1,37,9.46,9.46,25.57,8.63,16.67,37.33,0.9,18,16.94
P029,MP017,2,Month 2,37,14.55,5.09,39.32,13.26,33.33,37.51,1.39,36,26.05
P029,MP017,3,Month 3,37,17.09,2.54,46.18,15.58,50,37.6,1.63,54,30.6
P029,MP017,4,Month 4,37,20.95,3.86,56.63,19.11,66.67,37.74,2,72,37.53
P029,MP017,5,Month 5,37,37.98,17.03,102.64,34.63,83.33,38.34,3.62,90,68.01
P029,MP017,6,Month 6,37,43.65,5.67,118,39.8,100,38.54,4.2,108,78.2
P030,MP019,1,Month 1,91.9,5.02,5.02,5.46,5.26,13.33,91.9,0,0,0.2
P030,MP019,2,Month 2,91.9,11.2,6.18,12.19,11.74,26.67,91.9,0,0,0.45
P030,MP019,3,Month 3,91.9,21.43,10.23,23.32,22.47,40,91.9,0,0,0.85
P030,MP019,4,Month 4,91.9,33.25,11.82,36.18,34.86,53.33,91.9,0,0,1.32
P030,MP019,5,Month 5,91.9,50.77,17.52,55.24,53.22,66.67,91.9,0,0,2.02
P030,MP019,6,Month 6,91.9,78.12,27.35,85,81.9,80,91.9,0,0,3.1
P031,MP015,1,Month 1,80.1,6.51,6.51,8.12,7.54,12.12,81.35,1.56,4,0.58
P031,MP015,2,Month 2,80.1,25.52,19.01,31.85,29.57,24.23,84.99,6.11,9,2.28
P031,MP015,3,Month 3,80.1,29.66,4.14,37.03,34.38,36.35,85.79,7.1,13,2.65
P031,MP015,4,Month 4,80.1,45.13,15.47,56.35,52.31,48.47,88.75,10.8,17,4.03
P031,MP015,5,Month 5,80.1,48.12,2.99,60.07,55.77,60.58,89.32,11.51,22,4.3
P031,MP015,6,Month 6,80.1,55.82,7.7,69.7,64.7,72.7,90.8,13.4,26,5
P032,MP013,1,Month 1,43,3.8,3.8,8.83,3.2,9.52,43.37,0.87,24,5.63
P032,MP013,2,Month 2,43,10.26,6.46,23.87,8.65,19.03,44.01,2.35,49,15.22
P032,MP013,3,Month 3,43,11.76,1.5,27.35,9.91,28.55,44.16,2.69,74,17.44
P032,MP013,4,Month 4,43,17.14,5.38,39.87,14.45,38.07,44.69,3.92,98,25.42
P032,MP013,5,Month 5,43,17.71,0.57,41.19,14.93,47.58,44.74,4.05,122,26.26
P032,MP013,6,Month 6,43,26.22,8.51,61,22.1,57.1,45.58,6,147,38.9
P033,MP018,1,Month 1,37.6,4.5,4.5,11.96,11.01,16.67,37.76,0.44,20,0.95
P033,MP018,2,Month 2,37.6,5.72,1.22,15.2,13.99,33.33,37.81,0.56,40,1.21
P033,MP018,3,Month 3,37.6,7.58,1.86,20.16,18.56,50,37.88,0.74,60,1.61
P033,MP018,4,Month 4,37.6,11.55,3.97,30.72,28.27,66.67,38.02,1.13,79,2.45
P033,MP018,5,Month 5,37.6,11.69,0.14,31.1,28.62,83.33,38.03,1.14,99,2.48
P033,MP018,6,Month 6,37.6,17.73,6.04,47.2,43.4,100,38.25,1.7,119,3.8
P034,MP002,1,Month 1,85.6,18.36,18.36,21.45,21.83,16.67,86.22,0.72,0,-0.38
P034,MP002,2,Month 2,85.6,36.68,18.32,42.85,43.61,33.33,86.84,1.45,0,-0.76
P034,MP002,3,Month 3,85.6,43.94,7.26,51.33,52.24,50,87.08,1.73,0,-0.91
P034,MP002,4,Month 4,85.6,52.85,8.91,61.74,62.84,66.67,87.38,2.08,0,-1.09
P034,MP002,5,Month 5,85.6,70.57,17.72,82.44,83.9,83.33,87.98,2.78,0,-1.46
P034,MP002,6,Month 6,85.6,84.11,13.54,98.3,100,100,88.44,3.3,0,-1.7
P035,MP002,1,Month 1,22.1,9.39,9.39,42.49,39.42,16.67,28.59,29.38,0,3.07
P035,MP002,2,Month 2,22.1,11.88,2.49,53.76,49.88,33.33,30.31,37.17,0,3.88
P035,MP002,3,Month 3,22.1,13.38,1.5,60.52,56.15,50,31.35,41.85,0,4.37
P035,MP002,4,Month 4,22.1,15.62,2.24,70.66,65.56,66.67,32.9,48.86,0,5.1
P035,MP002,5,Month 5,22.1,22.4,6.78,101.37,94.05,83.33,37.59,70.09,0,7.32
P035,MP002,6,Month 6,22.1,23.82,1.42,107.8,100,100,38.57,74.5,0,7.8
P036,MP016,1,Month 1,65.8,11.58,11.58,17.6,16.7,9.52,74.62,13.41,3,0.9
P036,MP016,2,Month 2,65.8,12.52,0.94,19.02,18.05,19.03,75.34,14.5,7,0.97
P036,MP016,3,Month 3,65.8,24.14,11.62,36.69,34.81,28.55,84.2,27.96,10,1.88
P036,MP016,4,Month 4,65.8,30.72,6.58,46.69,44.3,38.07,89.21,35.58,13,2.39
P036,MP016,5,Month 5,65.8,35.85,5.13,54.49,51.7,47.58,93.12,41.52,17,2.79
P036,MP016,6,Month 6,65.8,36.27,0.42,55.1,52.3,57.1,93.44,42,20,2.8
P037,MP009,1,Month 1,73.4,4.3,4.3,5.86,5.62,9.52,74.35,1.3,24,0.24
P037,MP009,2,Month 2,73.4,4.36,0.06,5.94,5.7,19.03,74.37,1.32,49,0.24
P037,MP009,3,Month 3,73.4,5.36,1,7.3,7.01,28.55,74.59,1.62,74,0.3
P037,MP009,4,Month 4,73.4,11.24,5.88,15.31,14.69,38.07,75.89,3.39,98,0.62
P037,MP009,5,Month 5,73.4,14.21,2.97,19.35,18.57,47.58,76.55,4.29,122,0.78
P037,MP009,6,Month 6,73.4,16.83,2.62,22.9,22,57.1,77.13,5.1,147,0.9
P038,MP015,1,Month 1,82.2,16.2,16.2,19.71,7.23,16.67,97.29,18.36,21,12.48
P038,MP015,2,Month 2,82.2,25.62,9.42,31.17,11.43,33.33,106.07,29.04,42,19.73
P038,MP015,3,Month 3,82.2,27.86,2.24,33.89,12.43,50,108.16,31.58,64,21.46
P038,MP015,4,Month 4,82.2,36.56,8.7,44.48,16.32,66.67,116.26,41.44,85,28.16
P038,MP015,5,Month 5,82.2,46.8,10.24,56.93,20.89,83.33,125.8,53.04,106,36.05
P038,MP015,6,Month 6,82.2,66.1,19.3,80.4,29.5,100,143.78,74.9,127,50.9
P039,MP013,1,Month 1,54.1,1.38,1.38,2.55,1.11,12.12,54.14,0.07,31,1.45
P039,MP013,2,Month 2,54.1,3.9,2.52,7.22,3.13,24.23,54.2,0.19,63,4.09
P039,MP013,3,Month 3,54.1,11.06,7.16,20.44,8.86,36.35,54.4,0.55,94,11.59
P039,MP013,4,Month 4,54.1,13.84,2.78,25.59,11.09,48.47,54.47,0.69,125,14.5
P039,MP013,5,Month 5,54.1,15.11,1.27,27.92,12.1,60.58,54.51,0.75,157,15.83
P039,MP013,6,Month 6,54.1,19.73,4.62,36.5,15.8,72.7,54.63,1,188,20.7
P040,MP005,1,Month 1,89.1,9.23,9.23,10.36,3.77,12.12,101.49,13.91,30,6.58
P040,MP005,2,Month 2,89.1,15.62,6.39,17.53,6.39,24.23,110.08,23.54,60,11.15
P040,MP005,3,Month 3,89.1,21.39,5.77,24.01,8.75,36.35,117.83,32.24,90,15.27
P040,MP005,4,Month 4,89.1,26.37,4.98,29.6,10.78,48.47,124.51,39.74,119,18.82
P040,MP005,5,Month 5,89.1,41.09,14.72,46.12,16.8,60.58,144.28,61.94,149,29.32
P040,MP005,6,Month 6,89.1,45.5,4.41,51.1,18.6,72.7,150.2,68.6,179,32.5
P041,MP010,1,Month 1,85.6,6.19,6.19,7.24,7.18,11.12,85.79,0.22,0,0.05
P041,MP010,2,Month 2,85.6,9.69,3.5,11.32,11.23,22.23,85.9,0.35,0,0.08
P041,MP010,3,Month 3,85.6,23.44,13.75,27.39,27.18,33.35,86.32,0.84,0,0.21
P041,MP010,4,Month 4,85.6,35.27,11.83,41.2,40.89,44.47,86.68,1.26,0,0.31
P041,MP010,5,Month 5,85.6,46.37,11.1,54.17,53.76,55.58,87.02,1.66,0,0.41
P041,MP010,6,Month 6,85.6,58.13,11.76,67.9,67.4,66.7,87.38,2.1,0,0.5
P042,MP008,1,Month 1,97.1,6.73,6.73,6.93,2.32,16.67,107.84,11.06,28,4.61
P042,MP008,2,Month 2,97.1,10.94,4.21,11.27,3.77,33.33,114.58,18,57,7.49
P042,MP008,3,Month 3,97.1,13.21,2.27,13.61,4.56,50,118.21,21.74,86,9.05
P042,MP008,4,Month 4,97.1,32.04,18.83,32.99,11.05,66.67,148.28,52.71,114,21.94
P042,MP008,5,Month 5,97.1,45.89,13.85,47.26,15.83,83.33,170.4,75.49,142,31.43
P042,MP008,6,Month 6,97.1,53.34,7.45,54.9,18.4,100,182.31,87.8,171,36.5
P043,MP009,1,Month 1,34.9,6.28,6.28,17.99,17.43,13.33,34.94,0.12,2,0.56
P043,MP009,2,Month 2,34.9,6.5,0.22,18.64,18.06,26.67,34.94,0.12,4,0.58
P043,MP009,3,Month 3,34.9,16.84,10.34,48.25,46.74,40,35.01,0.32,6,1.5
P043,MP009,4,Month 4,34.9,22.42,5.58,64.25,62.25,53.33,35.05,0.42,7,2
P043,MP009,5,Month 5,34.9,24.28,1.86,69.57,67.4,66.67,35.06,0.46,9,2.17
P043,MP009,6,Month 6,34.9,27.45,3.17,78.7,76.2,80,35.08,0.5,11,2.5
P044,MP020,1,Month 1,88.5,2.8,2.8,3.16,3.19,12.12,88.9,0.45,31,-0.02
P044,MP020,2,Month 2,88.5,4.02,1.22,4.54,4.58,24.23,89.08,0.65,61,-0.03
P044,MP020,3,Month 3,88.5,4.59,0.57,5.18,5.22,36.35,89.16,0.74,92,-0.04
P044,MP020,4,Month 4,88.5,8.83,4.24,9.98,10.05,48.47,89.77,1.43,123,-0.07
P044,MP020,5,Month 5,88.5,11.95,3.12,13.5,13.6,60.58,90.21,1.94,153,-0.1
P044,MP020,6,Month 6,88.5,14.85,2.9,16.8,16.9,72.7,90.63,2.4,184,-0.1
P045,MP005,1,Month 1,52.3,6.58,6.58,12.57,12.82,13.33,52.54,0.47,2,-0.24
P045,MP005,2,Month 2,52.3,17.07,10.49,32.64,33.27,26.67,52.94,1.22,4,-0.63
P045,MP005,3,Month 3,52.3,20.56,3.49,39.31,40.07,40,53.07,1.46,6,-0.76
P045,MP005,4,Month 4,52.3,30.27,9.71,57.87,58.99,53.33,53.43,2.16,7,-1.12
P045,MP005,5,Month 5,52.3,36.65,6.38,70.08,71.43,66.67,53.67,2.61,9,-1.35
P045,MP005,6,Month 6,52.3,39.2,2.55,75,76.4,80,53.76,2.8,11,-1.4
P046,MP009,1,Month 1,38.5,1.81,1.81,4.71,4.52,10.25,38.59,0.24,0,0.2
P046,MP009,2,Month 2,38.5,3.44,1.63,8.93,8.56,20.5,38.67,0.45,0,0.37
P046,MP009,3,Month 3,38.5,8.7,5.26,22.6,21.67,30.75,38.94,1.15,0,0.94
P046,MP009,4,Month 4,38.5,12.42,3.72,32.26,30.92,41,39.13,1.64,1,1.34
P046,MP009,5,Month 5,38.5,15.29,2.87,39.71,38.06,51.25,39.27,2.01,1,1.64
P046,MP009,6,Month 6,38.5,24.66,9.37,64.1,61.4,61.5,39.75,3.2,1,2.7
P047,MP009,1,Month 1,84,9.94,9.94,11.83,11.09,10.25,91.23,8.61,5,0.74
P047,MP009,2,Month 2,84,17.61,7.67,20.96,19.65,20.5,96.81,15.25,11,1.32
P047,MP009,3,Month 3,84,25.89,8.28,30.82,28.88,30.75,102.83,22.41,16,1.93
P047,MP009,4,Month 4,84,29.21,3.32,34.78,32.59,41,105.25,25.29,21,2.18
P047,MP009,5,Month 5,84,40.87,11.66,48.65,45.6,51.25,113.72,35.39,27,3.05
P047,MP009,6,Month 6,84,47.86,6.99,57,53.4,61.5,118.81,41.4,32,3.6
P048,MP008,1,Month 1,59,2.68,2.68,4.55,2.07,14.82,59.16,0.27,30,2.48
P048,MP008,2,Month 2,59,5.27,2.59,8.94,4.07,29.63,59.31,0.53,60,4.87
P048,MP008,3,Month 3,59,14.68,9.41,24.89,11.34,44.45,59.87,1.47,90,13.55
P048,MP008,4,Month 4,59,25.64,10.96,43.46,19.79,59.27,60.51,2.57,120,23.67
P048,MP008,5,Month 5,59,27.48,1.84,46.58,21.21,74.08,60.62,2.75,150,25.37
P048,MP008,6,Month 6,59,28.63,1.15,48.5,22.1,88.9,60.69,2.9,180,26.4
P049,MP018,1,Month 1,39.6,3.8,3.8,9.58,3.35,16.67,45.3,14.4,33,6.23
P049,MP018,2,Month 2,39.6,4.49,0.69,11.34,3.97,33.33,46.35,17.03,66,7.37
P049,MP018,3,Month 3,39.6,8.73,4.24,22.06,7.71,50,52.72,33.13,100,14.34
P049,MP018,4,Month 4,39.6,12.22,3.49,30.86,10.79,66.67,57.96,46.36,133,20.07
P049,MP018,5,Month 5,39.6,17.33,5.11,43.77,15.31,83.33,65.64,65.75,166,28.46
P049,MP018,6,Month 6,39.6,19.36,2.03,48.9,17.1,100,68.68,73.4,199,31.8
P050,MP015,1,Month 1,35.4,0.48,0.48,1.36,1.29,16.67,35.44,0.12,23,0.07
P050,MP015,2,Month 2,35.4,2.09,1.61,5.9,5.6,33.33,35.59,0.53,47,0.31
P050,MP015,3,Month 3,35.4,10.02,7.93,28.31,26.84,50,36.31,2.56,70,1.47
P050,MP015,4,Month 4,35.4,11.59,1.57,32.75,31.05,66.67,36.45,2.97,93,1.7
P050,MP015,5,Month 5,35.4,13.44,1.85,37.96,35.99,83.33,36.62,3.44,117,1.97
P050,MP015,6,Month 6,35.4,15.57,2.13,44,41.7,100,36.81,4,140,2.3
P051,MP004,1,Month 1,16.2,2.44,2.44,15.06,5.22,16.67,16.37,1.06,22,9.84
P051,MP004,2,Month 2,16.2,5.02,2.58,31,10.75,33.33,16.55,2.18,44,20.25
P051,MP004,3,Month 3,16.2,10.46,5.44,64.58,22.39,50,16.93,4.53,66,42.19
P051,MP004,4,Month 4,16.2,12.64,2.18,78.03,27.06,66.67,17.09,5.48,88,50.98
P051,MP004,5,Month 5,16.2,14.76,2.12,91.12,31.6,83.33,17.24,6.4,110,59.53
P051,MP004,6,Month 6,16.2,17.38,2.62,107.3,37.2,100,17.42,7.5,132,70.1
P052,MP013,1,Month 1,93.9,22.26,22.26,23.71,8.26,16.67,116.77,24.36,24,15.44
P052,MP013,2,Month 2,93.9,34.54,12.28,36.78,12.82,33.33,129.39,37.79,47,23.96
P052,MP013,3,Month 3,93.9,35.55,1.01,37.86,13.19,50,130.43,38.9,70,24.66
P052,MP013,4,Month 4,93.9,43.1,7.55,45.9,15.99,66.67,138.18,47.16,94,29.9
P052,MP013,5,Month 5,93.9,46.23,3.13,49.23,17.16,83.33,141.4,50.59,118,32.08
P052,MP013,6,Month 6,93.9,58.47,12.24,62.3,21.7,100,153.98,64,141,40.6
P053,MP008,1,Month 1,52.3,3.86,3.86,7.37,7.11,16.67,54.75,4.69,3,0.26
P053,MP008,2,Month 2,52.3,10.49,6.63,20.06,19.35,33.33,58.98,12.77,7,0.71
P053,MP008,3,Month 3,52.3,13.54,3.05,25.89,24.98,50,60.92,16.48,10,0.91
P053,MP008,4,Month 4,52.3,18.29,4.75,34.97,33.74,66.67,63.95,22.27,13,1.23
P053,MP008,5,Month 5,52.3,35.46,17.17,67.81,65.42,83.33,74.88,43.17,17,2.39
P053,MP008,6,Month 6,52.3,48.25,12.79,92.3,89,100,83.02,58.7,20,3.3
P054,MP011,1,Month 1,19.2,0.62,0.62,3.25,1.46,13.33,19.87,3.48,27,1.78
P054,MP011,2,Month 2,19.2,0.87,0.25,4.51,2.03,26.67,20.13,4.84,54,2.48
P054,MP011,3,Month 3,19.2,2.12,1.25,11.05,4.98,40,21.47,11.84,81,6.07
P054,MP011,4,Month 4,19.2,2.44,0.32,12.73,5.73,53.33,21.82,13.64,108,7
P054,MP011,5,Month 5,19.2,3.15,0.71,16.4,7.38,66.67,22.57,17.57,135,9.01
P054,MP011,6,Month 6,19.2,11,7.85,57.3,25.8,80,30.99,61.4,162,31.5
P055,MP009,1,Month 1,59.8,21.58,21.58,36.09,33.59,16.67,71.06,18.82,2,2.5
P055,MP009,2,Month 2,59.8,29.61,8.03,49.51,46.08,33.33,75.24,25.82,5,3.43
P055,MP009,3,Month 3,59.8,38.38,8.77,64.18,59.74,50,79.82,33.48,7,4.44
P055,MP009,4,Month 4,59.8,46.05,7.67,77,71.67,66.67,83.82,40.17,9,5.33
P055,MP009,5,Month 5,59.8,55.83,9.78,93.36,86.89,83.33,88.92,48.7,12,6.46
P055,MP009,6,Month 6,59.8,59.43,3.6,99.4,92.5,100,90.8,51.8,14,6.9
P056,MP009,1,Month 1,81,2.85,2.85,3.52,1.28,14.82,84.29,4.06,28,2.24
P056,MP009,2,Month 2,81,13.86,11.01,17.11,6.23,29.63,96.97,19.72,56,10.88
P056,MP009,3,Month 3,81,20.85,6.99,25.74,9.37,44.45,105.03,29.66,84,16.37
P056,MP009,4,Month 4,81,27.57,6.72,34.03,12.39,59.27,112.77,39.22,112,21.64
P056,MP009,5,Month 5,81,51.85,24.28,64.02,23.31,74.08,140.75,73.77,140,40.7
P056,MP009,6,Month 6,81,59.61,7.76,73.6,26.8,88.9,149.69,84.8,168,46.8
P057,MP016,1,Month 1,82.9,9.12,9.12,11,11.05,13.33,82.9,0,1,-0.04
P057,MP016,2,Month 2,82.9,18.04,8.92,21.77,21.85,26.67,82.9,0,2,-0.08
P057,MP016,3,Month 3,82.9,21.93,3.89,26.45,26.56,40,82.9,0,2,-0.1
P057,MP016,4,Month 4,82.9,34.83,12.9,42.02,42.18,53.33,82.9,0,3,-0.16
P057,MP016,5,Month 5,82.9,57.88,23.05,69.82,70.09,66.67,82.9,0,4,-0.27
P057,MP016,6,Month 6,82.9,64.66,6.78,78,78.3,80,82.9,0,5,-0.3
P058,MP012,1,Month 1,81.5,6.61,6.61,8.11,2.88,16.67,81.68,0.22,22,5.23
P058,MP012,2,Month 2,81.5,12.02,5.41,14.75,5.24,33.33,81.83,0.4,44,9.51
P058,MP012,3,Month 3,81.5,26.85,14.83,32.94,11.71,50,82.23,0.9,66,21.23
P058,MP012,4,Month 4,81.5,46.8,19.95,57.43,20.41,66.67,82.77,1.56,88,37.02
P058,MP012,5,Month 5,81.5,66.18,19.38,81.2,28.86,83.33,83.3,2.21,110,52.34
P058,MP012,6,Month 6,81.5,85.3,19.12,104.7,37.2,100,83.82,2.8,132,67.5
P059,MP006,1,Month 1,30.6,0.53,0.53,1.74,1.62,16.67,30.64,0.15,29,0.12
P059,MP006,2,Month 2,30.6,1.17,0.64,3.82,3.55,33.33,30.7,0.32,57,0.27
P059,MP006,3,Month 3,30.6,5.07,3.9,16.56,15.39,50,31.02,1.39,86,1.17
P059,MP006,4,Month 4,30.6,7.88,2.81,25.76,23.94,66.67,31.26,2.16,115,1.83
P059,MP006,5,Month 5,30.6,8.56,0.68,27.96,25.98,83.33,31.32,2.34,143,1.98
P059,MP006,6,Month 6,30.6,9.32,0.76,30.5,28.3,100,31.38,2.5,172,2.2
P060,MP005,1,Month 1,59.3,3.49,3.49,5.88,2.23,16.67,59.42,0.21,21,3.65
P060,MP005,2,Month 2,59.3,26.03,22.54,43.9,16.67,33.33,60.23,1.56,41,27.23
P060,MP005,3,Month 3,59.3,40.57,14.54,68.41,25.97,50,60.74,2.44,62,42.43
P060,MP005,4,Month 4,59.3,57.81,17.24,97.49,37.02,66.67,61.36,3.47,83,60.47
P060,MP005,5,Month 5,59.3,61.17,3.36,103.15,39.17,83.33,61.48,3.67,103,63.99
P060,MP005,6,Month 6,59.3,64.03,2.86,108,41,100,61.58,3.8,124,67
P061,MP005,1,Month 1,64,6.19,6.19,9.68,4.7,12.12,64.45,0.71,27,4.98
P061,MP005,2,Month 2,64,12.96,6.77,20.25,9.83,24.23,64.95,1.48,54,10.42
P061,MP005,3,Month 3,64,16.94,3.98,26.46,12.84,36.35,65.24,1.93,81,13.62
P061,MP005,4,Month 4,64,23.68,6.74,36.99,17.95,48.47,65.73,2.7,108,19.04
P061,MP005,5,Month 5,64,24.49,0.81,38.27,18.57,60.58,65.79,2.79,135,19.69
P061,MP005,6,Month 6,64,31.12,6.63,48.6,23.6,72.7,66.27,3.5,162,25
P062,MP008,1,Month 1,86.4,8.87,8.87,10.26,10.03,14.82,87.1,0.81,21,0.23
P062,MP008,2,Month 2,86.4,23.59,14.72,27.31,26.69,29.63,88.27,2.17,42,0.62
P062,MP008,3,Month 3,86.4,27.24,3.65,31.52,30.81,44.45,88.56,2.5,62,0.71
P062,MP008,4,Month 4,86.4,28.32,1.08,32.78,32.04,59.27,88.65,2.6,83,0.74
P062,MP008,5,Month 5,86.4,36.75,8.43,42.53,41.57,74.08,89.31,3.37,104,0.96
P062,MP008,6,Month 6,86.4,37.57,0.82,43.5,42.5,88.9,89.38,3.4,125,1
P063,MP003,1,Month 1,74.7,8.08,8.08,10.82,4.93,11.12,88.24,18.13,27,5.89
P063,MP003,2,Month 2,74.7,15.9,7.82,21.29,9.69,22.23,101.35,35.67,54,11.59
P063,MP003,3,Month 3,74.7,19.01,3.11,25.45,11.59,33.35,106.57,42.66,80,13.86
P063,MP003,4,Month 4,74.7,22.85,3.84,30.59,13.93,44.47,113,51.27,107,16.66
P063,MP003,5,Month 5,74.7,32.75,9.9,43.84,19.96,55.58,129.58,73.46,134,23.88
P063,MP003,6,Month 6,74.7,36.09,3.34,48.3,22,66.7,135.18,81,161,26.3
P064,MP008,1,Month 1,91.5,1.95,1.95,2.13,0.95,16.67,93.84,2.56,22,1.18
P064,MP008,2,Month 2,91.5,4.73,2.78,5.17,2.31,33.33,97.18,6.21,43,2.86
P064,MP008,3,Month 3,91.5,29.52,24.79,32.26,14.43,50,126.94,38.74,65,17.83
P064,MP008,4,Month 4,91.5,37.21,7.69,40.67,18.19,66.67,136.18,48.83,87,22.48
P064,MP008,5,Month 5,91.5,47.91,10.7,52.36,23.42,83.33,149.03,62.87,108,28.94
P064,MP008,6,Month 6,91.5,56.25,8.34,61.5,27.5,100,159.04,73.8,130,34
P065,MP002,1,Month 1,24.4,0.98,0.98,4,4.1,13.33,24.45,0.2,0,-0.1
P065,MP002,2,Month 2,24.4,2.96,1.98,12.11,12.42,26.67,24.54,0.59,0,-0.3
P065,MP002,3,Month 3,24.4,9.02,6.06,36.97,37.9,40,24.84,1.81,0,-0.93
P065,MP002,4,Month 4,24.4,13.38,4.36,54.84,56.22,53.33,25.05,2.68,0,-1.38
P065,MP002,5,Month 5,24.4,16.35,2.97,67.02,68.71,66.67,25.2,3.27,0,-1.69
P065,MP002,6,Month 6,24.4,19.66,3.31,80.6,82.6,80,25.36,3.9,0,-2
P066,MP013,1,Month 1,96.8,14.2,14.2,14.67,14.27,16.67,98.46,1.72,0,0.41
P066,MP013,2,Month 2,96.8,27.14,12.94,28.03,27.26,33.33,99.97,3.28,1,0.78
P066,MP013,3,Month 3,96.8,51.3,24.16,53,51.53,50,102.8,6.2,1,1.47
P066,MP013,4,Month 4,96.8,66.74,15.44,68.95,67.04,66.67,104.61,8.06,1,1.91
P066,MP013,5,Month 5,96.8,88.68,21.94,91.61,89.07,83.33,107.17,10.72,2,2.54
P066,MP013,6,Month 6,96.8,98.66,9.98,101.9,99.1,100,108.34,11.9,2,2.8
P067,MP008,1,Month 1,79.7,18.71,18.71,23.48,8.82,16.67,80.72,1.28,21,14.66
P067,MP008,2,Month 2,79.7,39.69,20.98,49.8,18.71,33.33,81.87,2.72,42,31.09
P067,MP008,3,Month 3,79.7,51.01,11.32,64,24.05,50,82.48,3.49,64,39.95
P067,MP008,4,Month 4,79.7,64.36,13.35,80.76,30.34,66.67,83.21,4.41,85,50.41
P067,MP008,5,Month 5,79.7,80.75,16.39,101.32,38.07,83.33,84.11,5.53,106,63.25
P067,MP008,6,Month 6,79.7,83.57,2.82,104.9,39.4,100,84.26,5.7,127,65.5
P068,MP016,1,Month 1,53.1,3.37,3.37,6.34,6.37,11.12,53.1,0,1,-0.03
P068,MP016,2,Month 2,53.1,9.86,6.49,18.58,18.66,22.23,53.1,0,2,-0.08
P068,MP016,3,Month 3,53.1,20.13,10.27,37.91,38.08,33.35,53.1,0,4,-0.16
P068,MP016,4,Month 4,53.1,26.24,6.11,49.42,49.64,44.47,53.1,0,5,-0.21
P068,MP016,5,Month 5,53.1,31.23,4.99,58.81,59.06,55.58,53.1,0,6,-0.26
P068,MP016,6,Month 6,53.1,34.26,3.03,64.5,64.8,66.7,53.1,0,7,-0.3
P069,MP020,1,Month 1,28,1.59,1.59,5.69,5.46,10.25,28.08,0.28,0,0.23
P069,MP020,2,Month 2,28,5.91,4.32,21.1,20.26,20.5,28.29,1.04,0,0.85
P069,MP020,3,Month 3,28,11.39,5.48,40.69,39.06,30.75,28.56,2.01,0,1.63
P069,MP020,4,Month 4,28,13.92,2.53,49.71,47.72,41,28.69,2.45,0,1.99
P069,MP020,5,Month 5,28,16.63,2.71,59.41,57.03,51.25,28.82,2.93,0,2.38
P069,MP020,6,Month 6,28,18.23,1.6,65.1,62.5,61.5,28.9,3.2,0,2.6
P070,MP015,1,Month 1,49.8,4.46,4.46,8.96,4.07,16.67,49.9,0.19,22,4.89
P070,MP015,2,Month 2,49.8,10.34,5.88,20.77,9.43,33.33,50.02,0.45,44,11.33
P070,MP015,3,Month 3,49.8,23.04,12.7,46.27,21.02,50,50.3,1.01,66,25.25
P070,MP015,4,Month 4,49.8,24.15,1.11,48.49,22.02,66.67,50.32,1.05,89,26.47
P070,MP015,5,Month 5,49.8,36.53,12.38,73.36,33.32,83.33,50.59,1.59,111,40.04
P070,MP015,6,Month 6,49.8,40.02,3.49,80.4,36.5,100,50.67,1.7,133,43.9
P071,MP004,1,Month 1,43.7,7.67,7.67,17.56,8.35,10.25,45.07,3.13,30,9.2
P071,MP004,2,Month 2,43.7,8.97,1.3,20.52,9.76,20.5,45.3,3.66,60,10.76
P071,MP004,3,Month 3,43.7,9.22,0.25,21.09,10.03,30.75,45.34,3.76,90,11.06
P071,MP004,4,Month 4,43.7,9.36,0.14,21.41,10.19,41,45.37,3.81,121,11.22
P071,MP004,5,Month 5,43.7,10.13,0.77,23.18,11.03,51.25,45.5,4.13,151,12.15
P071,MP004,6,Month 6,43.7,13.87,3.74,31.7,15.1,61.5,46.17,5.7,181,16.6
P072,MP009,1,Month 1,15.9,3.21,3.21,20.16,7.41,16.67,18.52,16.49,23,12.75
P072,MP009,2,Month 2,15.9,5.08,1.87,31.95,11.74,33.33,20.06,26.14,46,20.21
P072,MP009,3,Month 3,15.9,6.74,1.66,42.38,15.57,50,21.41,34.67,70,26.81
P072,MP009,4,Month 4,15.9,9.61,2.87,60.43,22.2,66.67,23.76,49.44,93,38.23
P072,MP009,5,Month 5,15.9,10.12,0.51,63.64,23.38,83.33,24.18,52.07,116,40.26
P072,MP009,6,Month 6,15.9,14.63,4.51,92,33.8,100,27.87,75.3,139,58.2
P073,MP016,1,Month 1,31.6,5.99,5.99,18.94,7.68,16.67,38.24,21.01,21,11.27
P073,MP016,2,Month 2,31.6,15.14,9.15,47.9,19.41,33.33,48.39,53.13,42,28.49
P073,MP016,3,Month 3,31.6,19.95,4.81,63.14,25.59,50,53.73,70.03,63,37.56
P073,MP016,4,Month 4,31.6,21.06,1.11,66.65,27.01,66.67,54.96,73.92,84,39.64
P073,MP016,5,Month 5,31.6,22.03,0.97,69.7,28.25,83.33,56.03,77.31,105,41.46
P073,MP016,6,Month 6,31.6,23.55,1.52,74.5,30.2,100,57.72,82.7,126,44.3
P074,MP007,1,Month 1,54,19.64,19.64,36.36,12.59,13.33,54.87,1.61,28,23.78
P074,MP007,2,Month 2,54,22.15,2.51,41.01,14.2,26.67,54.98,1.82,56,26.81
P074,MP007,3,Month 3,54,31.52,9.37,58.37,20.21,40,55.4,2.59,84,38.16
P074,MP007,4,Month 4,54,33.84,2.32,62.67,21.69,53.33,55.5,2.78,113,40.97
P074,MP007,5,Month 5,54,35.18,1.34,65.15,22.55,66.67,55.56,2.89,141,42.59
P074,MP007,6,Month 6,54,36.97,1.79,68.5,23.7,80,55.64,3,169,44.8
P075,MP003,1,Month 1,91.1,17.36,17.36,19.05,18.49,16.67,91.19,0.1,15,0.57
P075,MP003,2,Month 2,91.1,19.23,1.87,21.11,20.48,33.33,91.2,0.11,30,0.63
P075,MP003,3,Month 3,91.1,34.37,15.14,37.73,36.6,50,91.28,0.19,45,1.12
P075,MP003,4,Month 4,91.1,36.99,2.62,40.6,39.4,66.67,91.29,0.21,60,1.21
P075,MP003,5,Month 5,91.1,41.01,4.02,45.01,43.67,83.33,91.31,0.23,75,1.34
P075,MP003,6,Month 6,91.1,46.76,5.75,51.3,49.8,100,91.34,0.3,90,1.5
P076,MP012,1,Month 1,37.7,3.88,3.88,10.29,4.91,16.67,44.74,18.68,23,5.39
P076,MP012,2,Month 2,37.7,4.74,0.86,12.57,5.99,33.33,46.31,22.83,47,6.58
P076,MP012,3,Month 3,37.7,9.66,4.92,25.63,12.22,50,55.24,46.53,70,13.41
P076,MP012,4,Month 4,37.7,12.74,3.08,33.78,16.1,66.67,60.82,61.33,93,17.68
P076,MP012,5,Month 5,37.7,13.91,1.17,36.91,17.59,83.33,62.96,67.01,117,19.32
P076,MP012,6,Month 6,37.7,17.4,3.49,46.2,22,100,69.29,83.8,140,24.2
P077,MP004,1,Month 1,92.4,3.69,3.69,3.99,3.82,9.52,93.23,0.9,28,0.17
P077,MP004,2,Month 2,92.4,5.14,1.45,5.56,5.32,19.03,93.55,1.25,56,0.24
P077,MP004,3,Month 3,92.4,9.31,4.17,10.07,9.63,28.55,94.49,2.26,84,0.44
P077,MP004,4,Month 4,92.4,10.1,0.79,10.93,10.46,38.07,94.67,2.45,113,0.48
P077,MP004,5,Month 5,92.4,13.16,3.06,14.24,13.62,47.58,95.35,3.19,141,0.62
P077,MP004,6,Month 6,92.4,16.23,3.07,17.6,16.8,57.1,96.04,3.9,169,0.8
P078,MP004,1,Month 1,73.9,3.24,3.24,4.39,1.57,10.25,77.93,5.45,28,2.82
P078,MP004,2,Month 2,73.9,7.87,4.63,10.64,3.8,20.5,83.67,13.22,55,6.85
P078,MP004,3,Month 3,73.9,17.78,9.91,24.05,8.58,30.75,95.97,29.87,83,15.47
P078,MP004,4,Month 4,73.9,27.6,9.82,37.35,13.33,41,108.18,46.38,111,24.02
P078,MP004,5,Month 5,73.9,35.6,8,48.17,17.19,51.25,118.1,59.81,138,30.98
P078,MP004,6,Month 6,73.9,39.55,3.95,53.5,19.1,61.5,123.01,66.5,166,34.4
P079,MP010,1,Month 1,35.9,0.37,0.37,1.03,0.98,16.67,36.15,0.69,4,0.05
P079,MP010,2,Month 2,35.9,3.45,3.08,9.62,9.18,33.33,38.21,6.43,8,0.45
P079,MP010,3,Month 3,35.9,10.73,7.28,29.88,28.5,50,43.07,19.98,12,1.38
P079,MP010,4,Month 4,35.9,15.4,4.67,42.9,40.91,66.67,46.2,28.69,15,1.99
P079,MP010,5,Month 5,35.9,19.85,4.45,55.28,52.72,83.33,49.17,36.97,19,2.56
P079,MP010,6,Month 6,35.9,33.54,13.69,93.4,89.1,100,58.33,62.5,23,4.3
P080,MP018,1,Month 1,20.8,2.99,2.99,14.38,14.27,16.67,20.88,0.38,0,0.1
P080,MP018,2,Month 2,20.8,5.18,2.19,24.92,24.75,33.33,20.94,0.67,0,0.18
P080,MP018,3,Month 3,20.8,8.35,3.17,40.12,39.83,50,21.02,1.07,0,0.29
P080,MP018,4,Month 4,20.8,10.36,2.01,49.81,49.46,66.67,21.08,1.33,0,0.36
P080,MP018,5,Month 5,20.8,18.53,8.17,89.07,88.44,83.33,21.3,2.38,0,0.64
P080,MP018,6,Month 6,20.8,20.95,2.42,100.7,100,100,21.36,2.7,0,0.7
P081,MP001,1,Month 1,48.7,2.18,2.18,4.47,4.18,10.25,49.03,0.67,29,0.29
P081,MP001,2,Month 2,48.7,4.31,2.13,8.85,8.27,20.5,49.35,1.34,59,0.57
P081,MP001,3,Month 3,48.7,5.78,1.47,11.88,11.11,30.75,49.57,1.79,88,0.77
P081,MP001,4,Month 4,48.7,6.21,0.43,12.74,11.92,41,49.64,1.93,117,0.83
P081,MP001,5,Month 5,48.7,7.31,1.1,15.01,14.03,51.25,49.8,2.27,147,0.97
P081,MP001,6,Month 6,48.7,8.54,1.23,17.5,16.4,61.5,49.99,2.6,176,1.1
P082,MP018,1,Month 1,34.6,1.06,1.06,3.06,1.21,14.82,36.68,6.02,34,1.86
P082,MP018,2,Month 2,34.6,4.97,3.91,14.36,5.65,29.63,44.36,28.22,69,8.71
P082,MP018,3,Month 3,34.6,5.77,0.8,16.67,6.56,44.45,45.93,32.76,104,10.11
P082,MP018,4,Month 4,34.6,8,2.23,23.11,9.09,59.27,50.32,45.42,138,14.02
P082,MP018,5,Month 5,34.6,9.37,1.37,27.09,10.66,74.08,53.02,53.25,172,16.43
P082,MP018,6,Month 6,34.6,10.73,1.36,31,12.2,88.9,55.69,61,207,18.8
P083,MP015,1,Month 1,91.2,2.49,2.49,2.73,1.32,13.33,93.45,2.46,25,1.41
P083,MP015,2,Month 2,91.2,7.43,4.94,8.15,3.93,26.67,97.91,7.35,50,4.21
P083,MP015,3,Month 3,91.2,21.97,14.54,24.09,11.63,40,111.03,21.74,76,12.46
P083,MP015,4,Month 4,91.2,46.38,24.41,50.85,24.54,53.33,133.06,45.9,101,26.31
P083,MP015,5,Month 5,91.2,54.17,7.79,59.4,28.67,66.67,140.09,53.61,126,30.73
P083,MP015,6,Month 6,91.2,56.31,2.14,61.7,29.8,80,142.02,55.7,151,31.9
P084,MP011,1,Month 1,20.6,1.77,1.77,8.6,8.34,16.67,20.6,0.02,24,0.26
P084,MP011,2,Month 2,20.6,2.94,1.17,14.26,13.82,33.33,20.61,0.03,49,0.43
P084,MP011,3,Month 3,20.6,5.41,2.47,26.25,25.45,50,20.61,0.06,73,0.8
P084,MP011,4,Month 4,20.6,6.43,1.02,31.24,30.29,66.67,20.62,0.07,97,0.95
P084,MP011,5,Month 5,20.6,6.59,0.16,31.98,31.01,83.33,20.62,0.08,122,0.97
P084,MP011,6,Month 6,20.6,8.37,1.78,40.6,39.4,100,20.62,0.1,146,1.2
P085,MP009,1,Month 1,57.3,6.2,6.2,10.82,5.02,11.12,65.63,14.54,29,5.8
P085,MP009,2,Month 2,57.3,10.71,4.51,18.7,8.67,22.23,71.7,25.13,59,10.02
P085,MP009,3,Month 3,57.3,11.86,1.15,20.7,9.6,33.35,73.24,27.82,88,11.1
P085,MP009,4,Month 4,57.3,16.31,4.45,28.46,13.2,44.47,79.22,38.26,117,15.26
P085,MP009,5,Month 5,57.3,20.24,3.93,35.32,16.38,55.58,84.5,47.48,147,18.94
P085,MP009,6,Month 6,57.3,21.99,1.75,38.4,17.8,66.7,86.86,51.6,176,20.6
P086,MP007,1,Month 1,76.1,8.57,8.57,11.26,4.39,10.25,90.51,18.94,28,6.88
P086,MP007,2,Month 2,76.1,15.06,6.49,19.79,7.71,20.5,101.42,33.28,56,12.09
P086,MP007,3,Month 3,76.1,18.68,3.62,24.55,9.56,30.75,107.51,41.28,84,14.99
P086,MP007,4,Month 4,76.1,21.71,3.03,28.53,11.11,41,112.6,47.97,113,17.42
P086,MP007,5,Month 5,76.1,23.13,1.42,30.39,11.84,51.25,114.98,51.1,141,18.56
P086,MP007,6,Month 6,76.1,35.76,12.63,47,18.3,61.5,136.22,79,169,28.7
P087,MP015,1,Month 1,57,19.35,19.35,33.95,31.54,13.33,75.67,32.75,4,2.41
P087,MP015,2,Month 2,57,27.1,7.75,47.55,44.16,26.67,83.14,45.87,9,3.38
P087,MP015,3,Month 3,57,28.17,1.07,49.42,45.91,40,84.18,47.68,14,3.51
P087,MP015,4,Month 4,57,29.87,1.7,52.4,48.67,53.33,85.81,50.55,18,3.73
P087,MP015,5,Month 5,57,38.1,8.23,66.84,62.09,66.67,93.76,64.48,22,4.75
P087,MP015,6,Month 6,57,43.63,5.53,76.5,71.1,80,99.09,73.8,27,5.4
P088,MP012,1,Month 1,82.8,16.27,16.27,19.65,19.97,9.52,82.96,0.19,0,-0.31
P088,MP012,2,Month 2,82.8,24.52,8.25,29.61,30.09,19.03,83.04,0.29,0,-0.47
P088,MP012,3,Month 3,82.8,28.08,3.56,33.91,34.45,28.55,83.07,0.33,0,-0.54
P088,MP012,4,Month 4,82.8,39.87,11.79,48.16,48.93,38.07,83.19,0.47,1,-0.77
P088,MP012,5,Month 5,82.8,43.47,3.6,52.5,53.34,47.58,83.22,0.51,1,-0.84
P088,MP012,6,Month 6,82.8,46.29,2.82,55.9,56.8,57.1,83.25,0.5,1,-0.9
P089,MP007,1,Month 1,51.9,5.35,5.35,10.31,10,11.12,52.91,1.95,6,0.31
P089,MP007,2,Month 2,51.9,8.46,3.11,16.31,15.81,22.23,53.5,3.08,13,0.5
P089,MP007,3,Month 3,51.9,14.01,5.55,26.99,26.17,33.35,54.55,5.1,20,0.82
P089,MP007,4,Month 4,51.9,15.94,1.93,30.71,29.77,44.47,54.91,5.81,26,0.94
P089,MP007,5,Month 5,51.9,22.47,6.53,43.3,41.98,55.58,56.15,8.19,32,1.32
P089,MP007,6,Month 6,51.9,29.87,7.4,57.6,55.8,66.7,57.55,10.9,39,1.8
P090,MP002,1,Month 1,69.6,1.04,1.04,1.49,1.43,16.67,69.63,0.04,16,0.06
P090,MP002,2,Month 2,69.6,9.92,8.88,14.25,13.68,33.33,69.84,0.34,31,0.57
P090,MP002,3,Month 3,69.6,20.5,10.58,29.46,28.28,50,70.09,0.71,46,1.17
P090,MP002,4,Month 4,69.6,23.1,2.6,33.19,31.87,66.67,70.16,0.8,62,1.32
P090,MP002,5,Month 5,69.6,33.07,9.97,47.51,45.61,83.33,70.4,1.15,78,1.89
P090,MP002,6,Month 6,69.6,35.23,2.16,50.6,48.6,100,70.45,1.2,93,2
P091,MP009,1,Month 1,35.7,5.68,5.68,15.92,15.98,16.67,35.7,0,0,-0.05
P091,MP009,2,Month 2,35.7,10.21,4.53,28.59,28.69,33.33,35.7,0,0,-0.1
P091,MP009,3,Month 3,35.7,17.22,7.01,48.25,48.41,50,35.7,0,0,-0.16
P091,MP009,4,Month 4,35.7,22.61,5.39,63.34,63.55,66.67,35.7,0,0,-0.21
P091,MP009,5,Month 5,35.7,31.58,8.97,88.45,88.74,83.33,35.7,0,0,-0.3
P091,MP009,6,Month 6,35.7,35.58,4,99.7,100,100,35.7,0,0,-0.3
P092,MP009,1,Month 1,80.1,19.84,19.84,24.77,23.91,14.82,80.46,0.45,0,0.86
P092,MP009,2,Month 2,80.1,20.13,0.29,25.13,24.26,29.63,80.46,0.45,0,0.87
P092,MP009,3,Month 3,80.1,39.5,19.37,49.31,47.6,44.45,80.82,0.89,0,1.71
P092,MP009,4,Month 4,80.1,46.38,6.88,57.91,55.9,59.27,80.94,1.05,0,2
P092,MP009,5,Month 5,80.1,57.06,10.68,71.24,68.78,74.08,81.13,1.29,0,2.47
P092,MP009,6,Month 6,80.1,75.67,18.61,94.5,91.2,88.9,81.47,1.7,0,3.3
P093,MP004,1,Month 1,64.9,4.6,4.6,7.09,6.76,13.33,65.63,1.13,1,0.33
P093,MP004,2,Month 2,64.9,14.02,9.42,21.6,20.59,26.67,67.13,3.44,1,1.01
P093,MP004,3,Month 3,64.9,24.69,10.67,38.04,36.25,40,68.83,6.05,2,1.78
P093,MP004,4,Month 4,64.9,32.7,8.01,50.39,48.03,53.33,70.11,8.02,3,2.36
P093,MP004,5,Month 5,64.9,43.74,11.04,67.39,64.23,66.67,71.86,10.73,3,3.16
P093,MP004,6,Month 6,64.9,53.59,9.85,82.6,78.7,80,73.43,13.1,4,3.9
P094,MP006,1,Month 1,92.2,8.12,8.12,8.8,3.71,13.33,103.36,12.1,30,5.09
P094,MP006,2,Month 2,92.2,9.24,1.12,10.02,4.23,26.67,104.9,13.78,61,5.8
P094,MP006,3,Month 3,92.2,19.76,10.52,21.43,9.04,40,119.36,29.46,92,12.39
P094,MP006,4,Month 4,92.2,31.95,12.19,34.66,14.61,53.33,136.13,47.65,122,20.04
P094,MP006,5,Month 5,92.2,38.93,6.98,42.22,17.81,66.67,145.72,58.05,152,24.42
P094,MP006,6,Month 6,92.2,41.76,2.83,45.3,19.1,80,149.61,62.3,183,26.2
P095,MP004,1,Month 1,50.8,0.97,0.97,1.91,1.91,16.67,50.82,0.05,0,0
P095,MP004,2,Month 2,50.8,10.1,9.13,19.89,19.93,33.33,51.04,0.47,0,-0.04
P095,MP004,3,Month 3,50.8,21.45,11.35,42.22,42.3,50,51.31,1,0,-0.08
P095,MP004,4,Month 4,50.8,26.34,4.89,51.84,51.94,66.67,51.43,1.23,0,-0.1
P095,MP004,5,Month 5,50.8,28.16,1.82,55.43,55.53,83.33,51.47,1.32,0,-0.11
P095,MP004,6,Month 6,50.8,50.55,22.39,99.5,99.7,100,52,2.4,0,-0.2
P096,MP005,1,Month 1,63.9,8.14,8.14,12.74,12.4,16.67,63.9,0,0,0.34
P096,MP005,2,Month 2,63.9,24.17,16.03,37.82,36.8,33.33,63.9,0,0,1.02
P096,MP005,3,Month 3,63.9,39,14.83,61.03,59.39,50,63.9,0,0,1.64
P096,MP005,4,Month 4,63.9,53.55,14.55,83.81,81.55,66.67,63.9,0,0,2.26
P096,MP005,5,Month 5,63.9,59.41,5.86,92.97,90.46,83.33,63.9,0,0,2.51
P096,MP005,6,Month 6,63.9,65.67,6.26,102.8,100,100,63.9,0,0,2.8
P097,MP009,1,Month 1,54.5,8.71,8.71,15.98,14.78,16.67,58.33,7.03,1,1.2
P097,MP009,2,Month 2,54.5,13.49,4.78,24.75,22.89,33.33,60.43,10.89,2,1.86
P097,MP009,3,Month 3,54.5,15.04,1.55,27.6,25.53,50,61.12,12.14,4,2.07
P097,MP009,4,Month 4,54.5,30.55,15.51,56.05,51.83,66.67,67.94,24.66,5,4.21
P097,MP009,5,Month 5,54.5,46.89,16.34,86.04,79.57,83.33,75.13,37.86,6,6.47
P097,MP009,6,Month 6,54.5,56.75,9.86,104.1,96.3,100,79.47,45.8,7,7.8
P098,MP012,1,Month 1,94.3,9.79,9.79,10.38,3.84,16.67,103.65,9.92,20,6.55
P098,MP012,2,Month 2,94.3,29.04,19.25,30.79,11.37,33.33,122.03,29.41,40,19.42
P098,MP012,3,Month 3,94.3,39.33,10.29,41.7,15.4,50,131.86,39.83,60,26.3
P098,MP012,4,Month 4,94.3,59.78,20.45,63.39,23.41,66.67,151.39,60.54,80,39.98
P098,MP012,5,Month 5,94.3,71.2,11.42,75.5,27.89,83.33,162.3,72.11,100,47.61
P098,MP012,6,Month 6,94.3,85.27,14.07,90.4,33.4,100,175.74,86.4,120,57
P099,MP001,1,Month 1,29.8,1.73,1.73,5.79,5.31,14.82,29.94,0.46,22,0.49
P099,MP001,2,Month 2,29.8,7.94,6.21,26.64,24.4,29.63,30.43,2.12,43,2.24
P099,MP001,3,Month 3,29.8,8.75,0.81,29.38,26.91,44.45,30.5,2.33,64,2.47
P099,MP001,4,Month 4,29.8,10.29,1.54,34.54,31.63,59.27,30.62,2.74,86,2.9
P099,MP001,5,Month 5,29.8,12.01,1.72,40.31,36.92,74.08,30.75,3.2,108,3.39
P099,MP001,6,Month 6,29.8,13.34,1.33,44.8,41,88.9,30.86,3.6,129,3.8
P100,MP014,1,Month 1,67.6,4.65,4.65,6.88,6.33,14.82,68.2,0.89,21,0.55
P100,MP014,2,Month 2,67.6,13.95,9.3,20.63,18.98,29.63,69.41,2.67,43,1.65
P100,MP014,3,Month 3,67.6,23.38,9.43,34.58,31.81,44.45,70.63,4.48,64,2.77
P100,MP014,4,Month 4,67.6,26.26,2.88,38.84,35.73,59.27,71,5.03,85,3.11
P100,MP014,5,Month 5,67.6,29.09,2.83,43.03,39.58,74.08,71.37,5.57,107,3.45
P100,MP014,6,Month 6,67.6,30.35,1.26,44.9,41.3,88.9,71.53,5.8,128,3.6