project_id,mp_id,sanctioned_amount_lakh,current_estimated_cost_lakh,amount_spent_lakh,financial_progress_pct,physical_progress_pct,expected_progress_pct,progress_gap,max_progress_gap,delay_days,max_delay_days,cost_deviation_pct,cost_status,work_status,risk_score,risk_level
P001,MP019,91.3,156.77,57.25,62.7,60.7,72.7,2.0,2.0,40,40,71.7,Major Overrun,Work in Progress,40.8,Medium
P002,MP015,15.3,24.93,10.39,67.9,26.4,88.9,41.5,41.7,169,169,62.9,Major Overrun,Work in Progress,100.0,Critical
P003,MP001,89.3,97.59,93.98,105.2,100.0,100.0,5.2,5.2,0,10,9.3,Minor Overrun,Completed,12.3,Low
P004,MP002,73.1,73.16,24.75,33.9,31.9,72.7,2.0,2.6,135,135,0.1,Within Budget,Work in Progress,41.8,Medium
P005,MP012,51.3,77.99,24.57,47.9,17.7,72.7,30.2,30.2,182,182,52.0,Major Overrun,Work in Progress,91.4,Critical
P006,MP014,77.0,77.0,46.84,60.8,61.5,61.5,-0.7,0.1,0,0,0.0,Within Budget,Work in Progress,0.0,Low
P007,MP004,68.3,117.57,63.11,92.4,86.8,100.0,5.6,5.9,28,29,72.1,Major Overrun,Work in Progress,41.3,Medium
P008,MP004,85.6,89.52,23.86,27.9,28.6,72.7,-0.7,0.7,146,146,4.6,Within Budget,Work in Progress,43.8,Medium
P009,MP015,59.1,92.08,61.24,103.6,97.5,100.0,6.1,6.2,4,7,55.8,Major Overrun,Work in Progress,32.2,Medium
P010,MP008,26.7,30.26,22.74,85.2,85.7,88.9,-0.5,2.4,9,9,13.3,Minor Overrun,Work in Progress,14.4,Low
P011,MP020,25.5,25.6,21.42,84.0,82.8,80.0,1.2,1.6,0,4,0.4,Within Budget,Work in Progress,1.4,Low
P012,MP016,79.7,90.64,45.82,57.5,54.6,61.5,2.9,2.9,27,27,13.7,Minor Overrun,Work in Progress,23.0,Low
P013,MP015,16.3,25.9,6.81,41.8,20.6,66.7,21.2,21.2,166,166,58.9,Major Overrun,Work in Progress,83.6,Critical
P014,MP004,47.3,49.49,21.31,45.1,17.9,66.7,27.2,27.2,176,176,4.6,Within Budget,Work in Progress,67.6,High
P015,MP019,21.2,32.28,11.95,56.4,23.8,66.7,32.6,32.6,154,154,52.3,Major Overrun,Work in Progress,93.5,Critical
P016,MP018,36.8,37.43,36.64,99.6,99.4,100.0,0.2,0.4,1,8,1.7,Within Budget,Work in Progress,2.0,Low
P017,MP016,30.6,32.93,13.5,44.1,21.3,61.5,22.8,22.8,157,157,7.6,Minor Overrun,Work in Progress,66.3,High
P018,MP015,79.2,79.22,14.82,18.7,17.9,61.5,0.8,0.9,170,170,0.0,Within Budget,Work in Progress,40.7,Medium
P019,MP017,41.6,43.97,21.48,51.6,19.2,72.7,32.4,32.4,177,177,5.7,Minor Overrun,Work in Progress,73.1,High
P020,MP012,21.4,21.95,18.32,85.6,82.5,80.0,3.1,4.0,0,5,2.6,Within Budget,Work in Progress,4.9,Low
P021,MP009,64.5,65.05,54.1,83.9,36.7,100.0,47.2,47.2,133,141,0.9,Within Budget,Work in Progress,75.7,Critical
P022,MP012,78.8,78.8,45.86,58.2,58.8,57.1,-0.6,0.4,0,0,0.0,Within Budget,Work in Progress,0.0,Low
P023,MP020,66.2,101.08,40.58,61.3,29.5,88.9,31.8,31.8,160,160,52.7,Major Overrun,Work in Progress,92.8,Critical
P024,MP014,94.9,99.47,39.75,41.9,40.5,88.9,1.4,1.4,131,131,4.8,Within Budget,Work in Progress,45.2,Medium
P025,MP016,28.1,43.12,20.15,71.7,65.7,72.7,6.0,8.2,23,24,53.5,Major Overrun,Work in Progress,38.3,Medium
P026,MP004,22.9,23.99,4.84,21.1,20.6,72.7,0.5,1.2,172,172,4.8,Within Budget,Work in Progress,44.4,Medium
P027,MP005,98.1,101.42,62.01,63.2,62.1,61.5,1.1,1.1,0,2,3.4,Within Budget,Work in Progress,3.8,Low
P028,MP009,74.4,74.61,76.57,102.9,100.0,100.0,2.9,2.9,0,3,0.3,Within Budget,Completed,2.8,Low
P029,MP017,37.0,38.54,43.65,118.0,39.8,100.0,78.2,78.2,108,110,4.2,Within Budget,Work in Progress,75.5,Critical
P030,MP019,91.9,91.9,78.12,85.0,81.9,80.0,3.1,3.1,0,8,0.0,Within Budget,Work in Progress,2.7,Low
P031,MP015,80.1,90.8,55.82,69.7,64.7,72.7,5.0,5.0,26,26,13.4,Minor Overrun,Work in Progress,24.7,Low
P032,MP013,43.0,45.58,26.22,61.0,22.1,57.1,38.9,38.9,147,147,6.0,Minor Overrun,Work in Progress,79.0,Critical
P033,MP018,37.6,38.25,17.73,47.2,43.4,100.0,3.8,3.8,119,129,1.7,Within Budget,Work in Progress,44.5,Medium
P034,MP002,85.6,88.44,84.11,98.3,100.0,100.0,-1.7,-0.0,0,0,3.3,Within Budget,Completed,2.8,Low
P035,MP002,22.1,38.57,23.82,107.8,100.0,100.0,7.8,8.8,0,7,74.5,Major Overrun,Completed,31.8,Medium
P036,MP016,65.8,93.44,36.27,55.1,52.3,57.1,2.8,3.2,20,20,42.0,Major Overrun,Work in Progress,34.1,Medium
P037,MP009,73.4,77.13,16.83,22.9,22.0,57.1,0.9,1.4,147,147,5.1,Minor Overrun,Work in Progress,45.0,Medium
P038,MP015,82.2,143.78,66.1,80.4,29.5,100.0,50.9,50.9,127,132,74.9,Major Overrun,Work in Progress,100.0,Critical
P039,MP013,54.1,54.63,19.73,36.5,15.8,72.7,20.7,20.8,188,188,1.0,Within Budget,Work in Progress,58.9,High
P040,MP005,89.1,150.2,45.5,51.1,18.6,72.7,32.5,32.5,179,179,68.6,Major Overrun,Work in Progress,93.4,Critical
P041,MP010,85.6,87.38,58.13,67.9,67.4,66.7,0.5,1.1,0,11,2.1,Within Budget,Work in Progress,2.2,Low
P042,MP008,97.1,182.31,53.34,54.9,18.4,100.0,36.5,36.7,171,172,87.8,Major Overrun,Work in Progress,96.9,Critical
P043,MP009,34.9,35.08,27.45,78.7,76.2,80.0,2.5,2.5,11,11,0.5,Within Budget,Work in Progress,6.6,Low
P044,MP020,88.5,90.63,14.85,16.8,16.9,72.7,-0.1,1.0,184,184,2.4,Within Budget,Work in Progress,42.0,Medium
P045,MP005,52.3,53.76,39.2,75.0,76.4,80.0,-1.4,0.5,11,11,2.8,Within Budget,Work in Progress,6.3,Low
P046,MP009,38.5,39.75,24.66,64.1,61.4,61.5,2.7,3.3,1,13,3.2,Within Budget,Work in Progress,5.3,Low
P047,MP009,84.0,118.81,47.86,57.0,53.4,61.5,3.6,3.6,32,32,41.4,Major Overrun,Work in Progress,38.8,Medium
P048,MP008,59.0,60.69,28.63,48.5,22.1,88.9,26.4,26.4,180,180,2.9,Within Budget,Work in Progress,65.5,High
P049,MP018,39.6,68.68,19.36,48.9,17.1,100.0,31.8,31.8,199,199,73.4,Major Overrun,Work in Progress,92.8,Critical
P050,MP015,35.4,36.81,15.57,44.0,41.7,100.0,2.3,2.3,140,140,4.0,Within Budget,Work in Progress,45.3,Medium
P051,MP004,16.2,17.42,17.38,107.3,37.2,100.0,70.1,70.1,132,132,7.5,Minor Overrun,Work in Progress,81.2,Critical
P052,MP013,93.9,153.98,58.47,62.3,21.7,100.0,40.6,40.6,141,146,64.0,Major Overrun,Work in Progress,100.0,Critical
P053,MP008,52.3,83.02,48.25,92.3,89.0,100.0,3.3,3.3,20,20,58.7,Major Overrun,Work in Progress,36.6,Medium
P054,MP011,19.2,30.99,11.0,57.3,25.8,80.0,31.5,31.5,162,162,61.4,Major Overrun,Work in Progress,92.6,Critical
P055,MP009,59.8,90.8,59.43,99.4,92.5,100.0,6.9,6.9,14,17,51.8,Major Overrun,Work in Progress,37.0,Medium
P056,MP009,81.0,149.69,59.61,73.6,26.8,88.9,46.8,46.8,168,168,84.8,Major Overrun,Work in Progress,100.0,Critical
P057,MP016,82.9,82.9,64.66,78.0,78.3,80.0,-0.3,0.6,5,7,0.0,Within Budget,Work in Progress,1.8,Low
P058,MP012,81.5,83.82,85.3,104.7,37.2,100.0,67.5,67.5,132,133,2.8,Within Budget,Work in Progress,77.3,Critical
P059,MP006,30.6,31.38,9.32,30.5,28.3,100.0,2.2,2.2,172,172,2.5,Within Budget,Work in Progress,44.0,Medium
P060,MP005,59.3,61.58,64.03,108.0,41.0,100.0,67.0,67.0,124,133,3.8,Within Budget,Work in Progress,78.2,Critical
P061,MP005,64.0,66.27,31.12,48.6,23.6,72.7,25.0,25.0,162,162,3.5,Within Budget,Work in Progress,64.8,High
P062,MP008,86.4,89.38,37.57,43.5,42.5,88.9,1.0,1.0,125,125,3.4,Within Budget,Work in Progress,43.7,Medium
P063,MP003,74.7,135.18,36.09,48.3,22.0,66.7,26.3,26.3,161,161,81.0,Major Overrun,Work in Progress,88.0,Critical
P064,MP008,91.5,159.04,56.25,61.5,27.5,100.0,34.0,34.0,130,139,73.8,Major Overrun,Work in Progress,94.7,Critical
P065,MP002,24.4,25.36,19.66,80.6,82.6,80.0,-2.0,1.6,0,0,3.9,Within Budget,Work in Progress,3.2,Low
P066,MP013,96.8,108.34,98.66,101.9,99.1,100.0,2.8,2.9,2,5,11.9,Minor Overrun,Work in Progress,13.2,Low
P067,MP008,79.7,84.26,83.57,104.9,39.4,100.0,65.5,65.5,127,128,5.7,Minor Overrun,Work in Progress,79.7,Critical
P068,MP016,53.1,53.1,34.26,64.5,64.8,66.7,-0.3,0.7,7,12,0.0,Within Budget,Work in Progress,2.4,Low
P069,MP020,28.0,28.9,18.23,65.1,62.5,61.5,2.6,3.4,0,8,3.2,Within Budget,Work in Progress,4.9,Low
P070,MP015,49.8,50.67,40.02,80.4,36.5,100.0,43.9,43.9,133,133,1.7,Within Budget,Work in Progress,76.4,Critical
P071,MP004,43.7,46.17,13.87,31.7,15.1,61.5,16.6,16.6,181,181,5.7,Minor Overrun,Work in Progress,59.3,High
P072,MP009,15.9,27.87,14.63,92.0,33.8,100.0,58.2,58.2,139,142,75.3,Major Overrun,Work in Progress,100.0,Critical
P073,MP016,31.6,57.72,23.55,74.5,30.2,100.0,44.3,44.3,126,127,82.7,Major Overrun,Work in Progress,100.0,Critical
P074,MP007,54.0,55.64,36.97,68.5,23.7,80.0,44.8,44.8,169,169,3.0,Within Budget,Work in Progress,77.5,Critical
P075,MP003,91.1,91.34,46.76,51.3,49.8,100.0,1.5,1.5,90,90,0.3,Within Budget,Work in Progress,34.1,Medium
P076,MP012,37.7,69.29,17.4,46.2,22.0,100.0,24.2,24.2,140,140,83.8,Major Overrun,Work in Progress,86.2,Critical
P077,MP004,92.4,96.04,16.23,17.6,16.8,57.1,0.8,0.8,169,169,3.9,Within Budget,Work in Progress,44.0,Medium
P078,MP004,73.9,123.01,39.55,53.5,19.1,61.5,34.4,34.4,166,166,66.5,Major Overrun,Work in Progress,95.1,Critical
P079,MP010,35.9,58.33,33.54,93.4,89.1,100.0,4.3,4.3,23,23,62.5,Major Overrun,Work in Progress,38.1,Medium
P080,MP018,20.8,21.36,20.95,100.7,100.0,100.0,0.7,0.7,0,4,2.7,Within Budget,Completed,2.9,Low
P081,MP001,48.7,49.99,8.54,17.5,16.4,61.5,1.1,2.0,176,176,2.6,Within Budget,Work in Progress,43.1,Medium
P082,MP018,34.6,55.69,10.73,31.0,12.2,88.9,18.8,18.8,207,207,61.0,Major Overrun,Work in Progress,81.4,Critical
P083,MP015,91.2,142.02,56.31,61.7,29.8,80.0,31.9,31.9,151,151,55.7,Major Overrun,Work in Progress,92.9,Critical
P084,MP011,20.6,20.62,8.37,40.6,39.4,100.0,1.2,4.3,146,146,0.1,Within Budget,Work in Progress,41.1,Medium
P085,MP009,57.3,86.86,21.99,38.4,17.8,66.7,20.6,20.6,176,176,51.6,Major Overrun,Work in Progress,83.0,Critical
P086,MP007,76.1,136.22,35.76,47.0,18.3,61.5,28.7,28.7,169,169,79.0,Major Overrun,Work in Progress,90.1,Critical
P087,MP015,57.0,99.09,43.63,76.5,71.1,80.0,5.4,5.4,27,27,73.8,Major Overrun,Work in Progress,39.4,Medium
P088,MP012,82.8,83.25,46.29,55.9,56.8,57.1,-0.9,0.2,1,5,0.5,Within Budget,Work in Progress,0.8,Low
P089,MP007,51.9,57.55,29.87,57.6,55.8,66.7,1.8,2.1,39,39,10.9,Minor Overrun,Work in Progress,24.0,Low
P090,MP002,69.6,70.45,35.23,50.6,48.6,100.0,2.0,2.5,93,94,1.2,Within Budget,Work in Progress,36.0,Medium
P091,MP009,35.7,35.7,35.58,99.7,100.0,100.0,-0.3,0.1,0,4,0.0,Within Budget,Completed,0.0,Low
P092,MP009,80.1,81.47,75.67,94.5,91.2,88.9,3.3,3.3,0,3,1.7,Within Budget,Work in Progress,4.3,Low
P093,MP004,64.9,73.43,53.59,82.6,78.7,80.0,3.9,3.9,4,7,13.1,Minor Overrun,Work in Progress,15.8,Low
P094,MP006,92.2,149.61,41.76,45.3,19.1,80.0,26.2,26.2,183,183,62.3,Major Overrun,Work in Progress,87.9,Critical
P095,MP004,50.8,52.0,50.55,99.5,99.7,100.0,-0.2,0.5,0,4,2.4,Within Budget,Completed,2.1,Low
P096,MP005,63.9,63.9,65.67,102.8,100.0,100.0,2.8,2.8,0,0,0.0,Within Budget,Completed,2.4,Low
P097,MP009,54.5,79.47,56.75,104.1,96.3,100.0,7.8,8.3,7,14,45.8,Major Overrun,Work in Progress,34.8,Medium
P098,MP012,94.3,175.74,85.27,90.4,33.4,100.0,57.0,57.0,120,123,86.4,Major Overrun,Work in Progress,100.0,Critical
P099,MP001,29.8,30.86,13.34,44.8,41.0,88.9,3.8,3.8,129,129,3.6,Within Budget,Work in Progress,46.3,Medium
P100,MP014,67.6,71.53,30.35,44.9,41.3,88.9,3.6,3.6,128,128,5.8,Minor Overrun,Work in Progress,48.0,Medium
